[
  {
    "file": "audit_note-P600.json",
    "hash": "5b1d6c34d2455e3ee59ee72332d0fe0f4b0055767d7025fccd0814c269586695"
  },
  {
    "file": "compliance_report_note-P600.json",
    "hash": "dfc97746aa6cc62cf53eec2a8fafeb6b967d96173b92a5bce8e2f4d2b99ec880"
  },
  {
    "file": "compliance_report_note-P600.md",
    "hash": "595ce499eacbd7e85ab589a52cc63341d682e2ab69fab43ac1c2cbe3e4f80460"
  },
  {
    "file": "compliance_report_note-P600_audit_signed.pdf",
    "hash": "65eddf00a8433d1f8a7be645fa3d89a017e81b2ed3743992502282853c549a60"
  },
  {
    "file": "proof_bundle_note-P600.zip",
    "hash": "7ab6169a6b27aaaa941c5520eab79085c558f0ea9d583412184a31779bdf2b8f"
  },
  {
    "file": "proof_note-P600.json",
    "hash": "a90e5f7425527e97b1326a08baea3d13d89c373a1b4fa71d0386bdfdf48ec869"
  },
  {
    "file": "proof_note-P600.pdf",
    "hash": "f93e30d88574bba6655d6b33832e3c85e5e0d712c591efff3e56230164936580"
  }
]