[
  {
    "id": "86261714-54da-4afc-8917-294a03d60c97",
    "source": "Niagara",
    "target": "Toronto",
    "range": [
      0,
      5
    ],
    "payload_hash": "9324c64d14146d95c0db269c2ca9ee6b87243292d8c80c8b32926ba88ed043dd",
    "signature": "e96ebe625cbb0c69c3f69245dc759d137f40650d976105beb193e871763da42d",
    "timestamp": "2025-10-31T10:43:03.405Z",
    "verified": false
  },
  {
    "id": "f7321848-e604-4c3c-94fb-05b864b09886",
    "source": "Niagara",
    "target": "local-node",
    "range": [
      0,
      5
    ],
    "payload_hash": "5969cae875d1a930c3e036dbc51e05bba97bc36624614f21f952320862b827bf",
    "signature": "c44d9037aa477724b45bf5b6549042d313122ae05d62683a04065ab4a5f22a37",
    "timestamp": "2025-10-31T10:43:03.406Z",
    "verified": true
  },
  {
    "id": "905a9ca4-0246-4b4f-a18d-f3f46dd717ee",
    "source": "Niagara",
    "target": "Kingston",
    "range": [
      0,
      3
    ],
    "payload_hash": "a6dbc41b57edaf372d4c149f145a302f076f19562db64094fa113b0a1aad0654",
    "signature": "c79a9c10f466ac09abe69a89b777e75de0e1787284e5fd7356778a6527a096fb",
    "timestamp": "2025-10-31T10:49:37.830Z",
    "verified": false
  }
]