[
  {
    "file": "audit_note-D700.json",
    "hash": "5b1d6c34d2455e3ee59ee72332d0fe0f4b0055767d7025fccd0814c269586695"
  },
  {
    "file": "compliance_report_note-D700.json",
    "hash": "83b5c903cd97a006f7bdf60bac5b2f5614982872db7e7c8816615890fd9c7266"
  },
  {
    "file": "compliance_report_note-D700.md",
    "hash": "24ec639c9a3780d103a50580a850f2fcde03976aa2085d36696c2af4783c3f2e"
  },
  {
    "file": "compliance_report_note-D700_audit_signed.pdf",
    "hash": "03312b972d63d3dab90e8e3933f999ad3b0fe9b4ed170ee99d772c1a7df51658"
  },
  {
    "file": "proof_bundle_note-D700.zip",
    "hash": "73cb0b52b08202bf0ab902f8bdc9dc23e5b2d6de02d513217deb10454e99212d"
  },
  {
    "file": "proof_note-D700.json",
    "hash": "c41c0866b971865ae8357723b997f8279fc6d2e6f74883ec8c29bb3044d41cbe"
  },
  {
    "file": "proof_note-D700.pdf",
    "hash": "cc4c0304c9641462bfb5d8b9a3bbebb8cb96f6ed160c266ef08c1179b9ff0313"
  }
]