{
  "orchestration_id": "b1de180d-8098-47f5-b8a4-82a7a35974f5",
  "generated_at": "2025-10-31T22:23:34.230Z",
  "total_artifacts": 7,
  "artifacts": [
    {
      "file": "global_trust_manifest.json",
      "size_kb": "1.55",
      "hash": "54cf89dd045ac468e914a437616906a05e93d790389b615dee40be0d56987b59"
    },
    {
      "file": "public_audit_ledger.json",
      "size_kb": "0.31",
      "hash": "637ebe2e4102a2615a5528302fe0d3126814cdd5c851ee77659b157950c8ec87"
    },
    {
      "file": "crosstrust_sync_ledger.json",
      "size_kb": "0.28",
      "hash": "aa4cdce2f4b9c2751c373d2362abbf15fc11574758d1813804efa2c9a53e79b6"
    },
    {
      "file": "clinical_audit_reconciliation.json",
      "size_kb": "0.49",
      "hash": "03719a45056fd0b0812655b59b4fa5608c902dc3839827d322f1845839624b83"
    },
    {
      "file": "global_final_certificate.pdf",
      "size_kb": "1.61",
      "hash": "6bf8a79534937a8c95f9f56f1b976c7261c522a524aa1c6aed39c3755dcd19ce"
    },
    {
      "file": "ai_validation_report.json",
      "size_kb": "0.36",
      "hash": "c6a11a81a096d83ad684becc098ad139349fd6ce57f73ed800254b2edfdf064d"
    },
    {
      "file": "quantum_signatures.json",
      "size_kb": "2.59",
      "hash": "b82df94eaeb9a2257b88b0b61371300aec475bdb10ae5e0449daa727f2159c08"
    }
  ],
  "system_integrity": true,
  "status": "ORCHESTRATED"
}