{
  "generated": "2025-10-31T11:34:28.633Z",
  "records": [
    {
      "file": "CTO_Compliance_Report.md",
      "size": 1551,
      "hash": "322b293fe444981072f6076637e6215b5d527b9498f2e33e271f9ef56edf4118"
    },
    {
      "file": "audit_dashboard.json",
      "size": 59689,
      "hash": "89c7f7eda8f41a5517d64b5a97188303fd1f2a76fd04ff7bf9c0facc1f1a7468"
    },
    {
      "file": "audit_note-001.json",
      "size": 132,
      "hash": "dd11cf28a550437812dff1f0fa88be655358560a2750e15e5ba98f02cfb714f9"
    },
    {
      "file": "audit_note-002.json",
      "size": 31,
      "hash": "023aefff6b87a6dba34f624963742b8acd88ffac14dbee70ecd624b4ae145207"
    },
    {
      "file": "audit_note-900.json",
      "size": 62,
      "hash": "c28ddddc5b4f267bb89b5d2065a56522177af84330bea0d89cf289ac7f7ef69b"
    },
    {
      "file": "audit_note-B900.json",
      "size": 33,
      "hash": "5b1d6c34d2455e3ee59ee72332d0fe0f4b0055767d7025fccd0814c269586695"
    },
    {
      "file": "audit_note-CTO.json",
      "size": 33,
      "hash": "5b1d6c34d2455e3ee59ee72332d0fe0f4b0055767d7025fccd0814c269586695"
    },
    {
      "file": "audit_note-D700.json",
      "size": 33,
      "hash": "5b1d6c34d2455e3ee59ee72332d0fe0f4b0055767d7025fccd0814c269586695"
    },
    {
      "file": "audit_note-F800.json",
      "size": 33,
      "hash": "5b1d6c34d2455e3ee59ee72332d0fe0f4b0055767d7025fccd0814c269586695"
    },
    {
      "file": "audit_note-I200.json",
      "size": 33,
      "hash": "5b1d6c34d2455e3ee59ee72332d0fe0f4b0055767d7025fccd0814c269586695"
    },
    {
      "file": "audit_note-P600.json",
      "size": 33,
      "hash": "5b1d6c34d2455e3ee59ee72332d0fe0f4b0055767d7025fccd0814c269586695"
    },
    {
      "file": "audit_note-R900.json",
      "size": 33,
      "hash": "5b1d6c34d2455e3ee59ee72332d0fe0f4b0055767d7025fccd0814c269586695"
    },
    {
      "file": "audit_note-V700.json",
      "size": 33,
      "hash": "5b1d6c34d2455e3ee59ee72332d0fe0f4b0055767d7025fccd0814c269586695"
    },
    {
      "file": "blockchain_ledger.json",
      "size": 20283,
      "hash": "113ca403dee51f0e98d125e7c17a70a07c23f0bf92f01eb72345f3ccb7a2a306"
    },
    {
      "file": "chain_final_seal.pdf",
      "size": 1825,
      "hash": "2add779765053c0f4fc56dc8709126619eeb902a28e7487f8291f91b9b785066"
    },
    {
      "file": "chain_final_signature.json",
      "size": 320,
      "hash": "e97d2e46b2bddd21709bd3243fe5e41b66534c69092dcc6b7471979a7094f388"
    },
    {
      "file": "compliance_report_note-900.json",
      "size": 919,
      "hash": "6617d91c91eab61494f814498eecb25bf4edeac43b32c4f67b659757bf9c8fe5"
    },
    {
      "file": "compliance_report_note-900.md",
      "size": 538,
      "hash": "253105969d4615a41a803ef748c14e6fcfadde9d219954c53bd460b66573a91f"
    },
    {
      "file": "compliance_report_note-B900.json",
      "size": 885,
      "hash": "2ca3237bb04442607b801049cf5fac088d3d3c43e190a7a233f7634e552d39bb"
    },
    {
      "file": "compliance_report_note-B900.md",
      "size": 538,
      "hash": "9b44b3d3b106861d5630cac9395d3b995bf18aa020cf3a7e95063f7ce6d46586"
    },
    {
      "file": "compliance_report_note-B900_audit_signed.pdf",
      "size": 2061,
      "hash": "bd513a4b3404dfbf6478a29bd51d9c6e55e4655dda9217d60c2971fad0ba43ba"
    },
    {
      "file": "compliance_report_note-CTO.json",
      "size": 882,
      "hash": "4ef1f052be41b849d805919872d7d91dd36072990d6c24d65ce3ca1cd6a31efe"
    },
    {
      "file": "compliance_report_note-CTO.md",
      "size": 537,
      "hash": "0912e2a28c9c8ca9137873c73d2be97592392d82c727e617ed0bded83f1ed077"
    },
    {
      "file": "compliance_report_note-CTO_audit_signed.pdf",
      "size": 2064,
      "hash": "17bbb10b82e0c8579c0ce7000f71856320c8db3fd6900d3dd1ae474e95a508c0"
    },
    {
      "file": "compliance_report_note-D700.json",
      "size": 885,
      "hash": "83b5c903cd97a006f7bdf60bac5b2f5614982872db7e7c8816615890fd9c7266"
    },
    {
      "file": "compliance_report_note-D700.md",
      "size": 538,
      "hash": "24ec639c9a3780d103a50580a850f2fcde03976aa2085d36696c2af4783c3f2e"
    },
    {
      "file": "compliance_report_note-D700_audit_signed.pdf",
      "size": 2062,
      "hash": "03312b972d63d3dab90e8e3933f999ad3b0fe9b4ed170ee99d772c1a7df51658"
    },
    {
      "file": "compliance_report_note-F800.json",
      "size": 885,
      "hash": "7f952a02c130dc2e7304dbd6d09194d328e24200acac6c6d219b757d325e7022"
    },
    {
      "file": "compliance_report_note-F800.md",
      "size": 538,
      "hash": "a0301da22cd7c472f8e4279d7d6ed7f7d58f01ef1bd7fc13d940c14e2b28d831"
    },
    {
      "file": "compliance_report_note-F800_audit_signed.pdf",
      "size": 2065,
      "hash": "b4bfe1a87194263c2f3c444372faa75cfb123a3ed3eaf8b55d8dcb382b729c71"
    },
    {
      "file": "compliance_report_note-I200.json",
      "size": 885,
      "hash": "16c874f2e9fb147a4f4a24117c5f50f6f125d39fb3d8504e3c514c623bf95df9"
    },
    {
      "file": "compliance_report_note-I200.md",
      "size": 538,
      "hash": "017c1edfc38cf1d3ec522746b29476a06e56a0bf7bd241391c8164b6b1cafafe"
    },
    {
      "file": "compliance_report_note-I200_audit_signed.pdf",
      "size": 2067,
      "hash": "9a95451aa88056f2501a8093b6c2a5268b3c412339910f125ae0b0640d34bcfd"
    },
    {
      "file": "compliance_report_note-P600.json",
      "size": 885,
      "hash": "dfc97746aa6cc62cf53eec2a8fafeb6b967d96173b92a5bce8e2f4d2b99ec880"
    },
    {
      "file": "compliance_report_note-P600.md",
      "size": 538,
      "hash": "595ce499eacbd7e85ab589a52cc63341d682e2ab69fab43ac1c2cbe3e4f80460"
    },
    {
      "file": "compliance_report_note-P600_audit_signed.pdf",
      "size": 2062,
      "hash": "65eddf00a8433d1f8a7be645fa3d89a017e81b2ed3743992502282853c549a60"
    },
    {
      "file": "compliance_report_note-R900.json",
      "size": 885,
      "hash": "532aa4b9bfe63befbe883bcbdbb090cbace144f1abe83fec25393a6034060f27"
    },
    {
      "file": "compliance_report_note-R900.md",
      "size": 538,
      "hash": "2314a384c5e3bd17b18363ccc1137080cbbd0c97708f7949aa5eee366ebd0801"
    },
    {
      "file": "compliance_report_note-R900_audit_signed.pdf",
      "size": 2068,
      "hash": "2c8c3d3fae614a4c20030094db7440328ce440f27c03aecde1c46213baba268d"
    },
    {
      "file": "compliance_report_note-V700.json",
      "size": 885,
      "hash": "3b2bc4dbe4e3bb24b3ccdd37a4769ccb3a2d3a81404f0352c7e48aaf89cadf19"
    },
    {
      "file": "compliance_report_note-V700.md",
      "size": 538,
      "hash": "17c8e8b56a582ca492914e4ca39fca251757c7248042d0411a4c6f1d0b64082f"
    },
    {
      "file": "compliance_report_note-V700_audit_signed.pdf",
      "size": 2067,
      "hash": "017a81c817751e0bd7c8e60902e48961f31b09f9cb1da2abcd71c8637433e5c9"
    },
    {
      "file": "exchange_Niagara_to_Kingston.json",
      "size": 1319,
      "hash": "a6dbc41b57edaf372d4c149f145a302f076f19562db64094fa113b0a1aad0654"
    },
    {
      "file": "exchange_Niagara_to_Toronto.json",
      "size": 2198,
      "hash": "9324c64d14146d95c0db269c2ca9ee6b87243292d8c80c8b32926ba88ed043dd"
    },
    {
      "file": "external_validation_ledger.json",
      "size": 2186,
      "hash": "9cc8a97d50c49457abc326a22d11f28fcc4d5c8b0889a62b7fffe24e8db2abf8"
    },
    {
      "file": "federated_exchange_log.json",
      "size": 1169,
      "hash": "9ad51b920016bbbd53fe10c80a8b86d453a85e71a4a802d6e0277782c8a2d6ea"
    },
    {
      "file": "insurance_audit_log.json",
      "size": 35378,
      "hash": "269009a9ca9e8d73af374a894406f3c32d25ede8ac1ba152d8fa3e9cd415b56b"
    },
    {
      "file": "manifest_note-B900.json",
      "size": 1182,
      "hash": "0a67e61c94d85ae3d0d4c360185432b175a52bdc046558e7a267ed9437326342"
    },
    {
      "file": "manifest_note-D700.json",
      "size": 921,
      "hash": "aa1ca695840aacd6ea2bc6d7d07e9bf4d41b18096c71f000bd527ad806a6653f"
    },
    {
      "file": "manifest_note-F800.json",
      "size": 921,
      "hash": "28d5d8ff27e4b7bac5316eaa008ddf00ea41b3afcc66260b8ff2216e83d6183f"
    },
    {
      "file": "manifest_note-I200.json",
      "size": 921,
      "hash": "e01128b9b5dcf35fe3a773805fb2910eef029c4451c46994b06022024bc4a09a"
    },
    {
      "file": "manifest_note-P600.json",
      "size": 921,
      "hash": "6a6dd662989760f4041625c07903b56faad4e127c0905ac91ebb22e6ba1955e5"
    },
    {
      "file": "manifest_note-R900.json",
      "size": 921,
      "hash": "8bfc92d1dc66654b07ebc5fa4ff61bb6e76d84cae9a40fa0b9363eb4891248fb"
    },
    {
      "file": "manifest_note-V700.json",
      "size": 1182,
      "hash": "4815c081d71e97a2a14eb19a07c3f9c75550dfe332047cc3cfca08d4feb034ae"
    },
    {
      "file": "patient_consent_ledger.json",
      "size": 16396,
      "hash": "cf0af18cabbedb6cdd6d8c4f14f8615ac8b2f6a1c1ccf5e1a18e17f37fa4135c"
    },
    {
      "file": "patient_consent_portal.html",
      "size": 9843,
      "hash": "00c99547f931d994355b4537fb37f55e3e05817414686fbbd9adab908d30caa5"
    },
    {
      "file": "proof_note-001.json",
      "size": 257,
      "hash": "531d81d2545a37ef1fc654a012a13ef8c3e7d155d64c5d6a373935546a25421c"
    },
    {
      "file": "proof_note-001.pdf",
      "size": 239,
      "hash": "828a2593eecf58b5cc579aa126b9004986d97a690247aa6caf10ea777c4cd3e1"
    },
    {
      "file": "proof_note-002.json",
      "size": 257,
      "hash": "e68403394ccf42d5824a395d3fcfb002e6a4e82b814116e43772530911cff079"
    },
    {
      "file": "proof_note-002.pdf",
      "size": 239,
      "hash": "00f324c5258ef1e4acaa2cd4ff3e8cc0e79dad5b3e0545cf02a2b2fa08bbffc1"
    },
    {
      "file": "proof_note-900.json",
      "size": 256,
      "hash": "443bd55100201f8b18b0fc999174f66396637f471c4220efd030c7abedd048a5"
    },
    {
      "file": "proof_note-900.pdf",
      "size": 238,
      "hash": "191e03f930c48e5884fed79521e9c15a5f9ce0fa0e030fe1f867acbfd7300cff"
    },
    {
      "file": "proof_note-B900.json",
      "size": 257,
      "hash": "8d7da3b33b9778d318d1c6571ecd591dc2eefcb94647c0704a623db8f032da71"
    },
    {
      "file": "proof_note-B900.pdf",
      "size": 238,
      "hash": "faa7bdc9159d722166e3024d713496216e0086210a000b9899374103499b71cf"
    },
    {
      "file": "proof_note-CTO.json",
      "size": 255,
      "hash": "9d5073ddeb068af46cd1bbd4283d1bea92d0ef2d1d42a86ab0b68b2123ee8964"
    },
    {
      "file": "proof_note-CTO.pdf",
      "size": 237,
      "hash": "5b431005ccc3065c1f61abf48055a09b4910842cff543885a3a8a371eb9f5052"
    },
    {
      "file": "proof_note-D700.json",
      "size": 257,
      "hash": "c41c0866b971865ae8357723b997f8279fc6d2e6f74883ec8c29bb3044d41cbe"
    },
    {
      "file": "proof_note-D700.pdf",
      "size": 238,
      "hash": "cc4c0304c9641462bfb5d8b9a3bbebb8cb96f6ed160c266ef08c1179b9ff0313"
    },
    {
      "file": "proof_note-F800.json",
      "size": 257,
      "hash": "0ecab633127c45eeb73518397007ed2e342233842ece65788297bf7fa7d2f9d0"
    },
    {
      "file": "proof_note-F800.pdf",
      "size": 238,
      "hash": "c6d8468864cae8bb2abbf100edb85b76a9ff8c2e09eb85a477c0d44363117276"
    },
    {
      "file": "proof_note-I200.json",
      "size": 257,
      "hash": "7c3aa384de32af9120245422d689e58ca5e505b31fcfa5aa9038d563fdfb1b6e"
    },
    {
      "file": "proof_note-I200.pdf",
      "size": 238,
      "hash": "59eeb3a5a91f63e7d4c3a5f17d42086a9c0fcc9e3ae70ff20403e947f0fdbb41"
    },
    {
      "file": "proof_note-P600.json",
      "size": 257,
      "hash": "a90e5f7425527e97b1326a08baea3d13d89c373a1b4fa71d0386bdfdf48ec869"
    },
    {
      "file": "proof_note-P600.pdf",
      "size": 238,
      "hash": "f93e30d88574bba6655d6b33832e3c85e5e0d712c591efff3e56230164936580"
    },
    {
      "file": "proof_note-R900.json",
      "size": 257,
      "hash": "7ec3f2586aa00def0a1dc5a95d6744914b88381dfa6e82787461ae6c0a39626d"
    },
    {
      "file": "proof_note-R900.pdf",
      "size": 238,
      "hash": "107c1d7a359c187b54a2be8a4ad8775f347f584390139fd857a0c03ca78d5398"
    },
    {
      "file": "proof_note-V700.json",
      "size": 257,
      "hash": "1eeeec00ce1e2423f82b2ee51d730a6d36a2f8fc177e356dc01457807006de11"
    },
    {
      "file": "proof_note-V700.pdf",
      "size": 238,
      "hash": "b8c31c18a97eb9cf0189d5529974e70a1dc138b522346bcd924716c78a8accc8"
    },
    {
      "file": "public_ledger.json",
      "size": 2472,
      "hash": "770c0fd960d990551d56b5f2a0dc12c1fd7de427b0eb457f47e17047cd3e3bba"
    },
    {
      "file": "regulator_audit_portal.html",
      "size": 13268,
      "hash": "48a61dc3c87be5c75ca14287fb6e65a48392407bf24ca0a13610723656d94bf7"
    },
    {
      "file": "regulator_verification_portal.html",
      "size": 1994,
      "hash": "1c6ec412f3795bfee8341af659f5be82a8cd14b0a25417928e974c9733748267"
    },
    {
      "file": "vault_attestation.json",
      "size": 334,
      "hash": "b459186f9e7948da74c762ee3cda1efeeb9ce2910e793eeba86204a916920f2a"
    }
  ]
}