[
  {
    "file": "audit_note-F800.json",
    "hash": "5b1d6c34d2455e3ee59ee72332d0fe0f4b0055767d7025fccd0814c269586695"
  },
  {
    "file": "compliance_report_note-F800.json",
    "hash": "7f952a02c130dc2e7304dbd6d09194d328e24200acac6c6d219b757d325e7022"
  },
  {
    "file": "compliance_report_note-F800.md",
    "hash": "a0301da22cd7c472f8e4279d7d6ed7f7d58f01ef1bd7fc13d940c14e2b28d831"
  },
  {
    "file": "compliance_report_note-F800_audit_signed.pdf",
    "hash": "b4bfe1a87194263c2f3c444372faa75cfb123a3ed3eaf8b55d8dcb382b729c71"
  },
  {
    "file": "proof_bundle_note-F800.zip",
    "hash": "b68318aa841e70cbc145d35cf72e2c5132823281b88c476c0ae96edf0902c5db"
  },
  {
    "file": "proof_note-F800.json",
    "hash": "0ecab633127c45eeb73518397007ed2e342233842ece65788297bf7fa7d2f9d0"
  },
  {
    "file": "proof_note-F800.pdf",
    "hash": "c6d8468864cae8bb2abbf100edb85b76a9ff8c2e09eb85a477c0d44363117276"
  }
]