{
  "generated_at": "2025-10-31T10:12:40.659Z",
  "jurisdiction": "Ontario, Canada",
  "compliance_framework": [
    "PHIPA",
    "PIPEDA",
    "CPO Ontario Standards"
  ],
  "user_id": "user-R",
  "note_id": "note-R900",
  "consent_version": "1.1",
  "auditTrail": [
    {
      "event": "CREATE"
    }
  ],
  "proof": {
    "note_id": "note-R900",
    "user_id": "user-R",
    "consent_version": "1.1",
    "integrity_hash": "hashR900",
    "timestamp": "2025-10-31T10:12:40.656Z",
    "signature": "26041fd5a135657cea488949e5c55233ddcffa518c2ea896dd2a815551313f34",
    "verified": true
  },
  "ledgerEntry": {
    "id": "7a9bc183-afff-454e-9006-13b51229bee3",
    "bundle_hash": "6e1daf0a1d0ec8dee7faa274c32536b198e17f06906fcc86a7ad84706a172738",
    "timestamp": "2025-10-31T10:12:40.658Z"
  },
  "verification": {
    "integrity_verified": true,
    "ledger_verified": true
  }
}