{
  "generated_at": "2025-10-31T10:21:56.558Z",
  "jurisdiction": "Ontario, Canada",
  "compliance_framework": [
    "PHIPA",
    "PIPEDA",
    "CPO Ontario Standards"
  ],
  "user_id": "user-V",
  "note_id": "note-V700",
  "consent_version": "1.1",
  "auditTrail": [
    {
      "event": "CREATE"
    }
  ],
  "proof": {
    "note_id": "note-V700",
    "user_id": "user-V",
    "consent_version": "1.1",
    "integrity_hash": "hashV700",
    "timestamp": "2025-10-31T10:21:56.555Z",
    "signature": "91b3107ba5d5a9a1af3a604fe0392553b49a5999ab833a53dee923e5dd915f72",
    "verified": true
  },
  "ledgerEntry": {
    "id": "0579dd82-9767-4e27-bc6e-1560b7f2be1f",
    "bundle_hash": "0b8bc59f37ec97a61353d5a52f5ff57c79ece95e706c3fcd099a246966e476ec",
    "timestamp": "2025-10-31T10:21:56.557Z"
  },
  "verification": {
    "integrity_verified": true,
    "ledger_verified": true
  }
}