[
  {
    "file": "audit_note-I200.json",
    "hash": "5b1d6c34d2455e3ee59ee72332d0fe0f4b0055767d7025fccd0814c269586695"
  },
  {
    "file": "compliance_report_note-I200.json",
    "hash": "16c874f2e9fb147a4f4a24117c5f50f6f125d39fb3d8504e3c514c623bf95df9"
  },
  {
    "file": "compliance_report_note-I200.md",
    "hash": "017c1edfc38cf1d3ec522746b29476a06e56a0bf7bd241391c8164b6b1cafafe"
  },
  {
    "file": "compliance_report_note-I200_audit_signed.pdf",
    "hash": "9a95451aa88056f2501a8093b6c2a5268b3c412339910f125ae0b0640d34bcfd"
  },
  {
    "file": "proof_bundle_note-I200.zip",
    "hash": "d0a099a9eb271542f5720a9ac09e14d74929173d97e0591e1d58972f68b40482"
  },
  {
    "file": "proof_note-I200.json",
    "hash": "7c3aa384de32af9120245422d689e58ca5e505b31fcfa5aa9038d563fdfb1b6e"
  },
  {
    "file": "proof_note-I200.pdf",
    "hash": "59eeb3a5a91f63e7d4c3a5f17d42086a9c0fcc9e3ae70ff20403e947f0fdbb41"
  }
]