[
  {
    "note_id": "note-001",
    "consent_version": "unknown",
    "proof_hash": "d6dac43ac43f6218",
    "ledger_hash": "f85908ed4d3c3ae30e58a55abd26faa40e2991e40a16cff42f6435e606e15ecf",
    "timestamp": "2025-10-31T10:49:37.828Z",
    "qr_verification": "VkVSSUZZOmY4NTkwOGVkNGQzYzNhZTMwZTU4YTU1YWJkMjZmYWE0MGUyOTkxZTQwYTE2Y2ZmNDJmNjQzNWU2MDZlMTVlY2Y="
  },
  {
    "note_id": "note-002",
    "consent_version": "unknown",
    "proof_hash": "f5348119278424ea",
    "ledger_hash": "8902c2a4ea48620a714c74b6396d6790f1a865363b4ac89293d1e2a8684b234a",
    "timestamp": "2025-10-31T10:49:37.829Z",
    "qr_verification": "VkVSSUZZOjg5MDJjMmE0ZWE0ODYyMGE3MTRjNzRiNjM5NmQ2NzkwZjFhODY1MzYzYjRhYzg5MjkzZDFlMmE4Njg0YjIzNGE="
  },
  {
    "note_id": "note-900",
    "consent_version": "1.1",
    "proof_hash": "19864890c7d0b55f",
    "ledger_hash": "d313a8388b218f1d93b00a49f4e5987da3ec72ea904bda74168911471d810fb3",
    "timestamp": "2025-10-31T10:49:37.829Z",
    "qr_verification": "VkVSSUZZOmQzMTNhODM4OGIyMThmMWQ5M2IwMGE0OWY0ZTU5ODdkYTNlYzcyZWE5MDRiZGE3NDE2ODkxMTQ3MWQ4MTBmYjM="
  },
  {
    "note_id": "note-B900",
    "consent_version": "1.1",
    "proof_hash": "fb01a7c1ee659a54",
    "ledger_hash": "75fc5a341e7d8c8056e3c592cad439b8f22584bea32948a5db8e6ee5d78f9d33",
    "timestamp": "2025-10-31T10:49:37.829Z",
    "qr_verification": "VkVSSUZZOjc1ZmM1YTM0MWU3ZDhjODA1NmUzYzU5MmNhZDQzOWI4ZjIyNTg0YmVhMzI5NDhhNWRiOGU2ZWU1ZDc4ZjlkMzM="
  },
  {
    "note_id": "note-CTO",
    "consent_version": "1.1",
    "proof_hash": "e4980779beb4379e",
    "ledger_hash": "bcb06683dd45c55b817e8e26506d4fbdda7486220bf138f97d63b9a7b31d23cb",
    "timestamp": "2025-10-31T10:49:37.829Z",
    "qr_verification": "VkVSSUZZOmJjYjA2NjgzZGQ0NWM1NWI4MTdlOGUyNjUwNmQ0ZmJkZGE3NDg2MjIwYmYxMzhmOTdkNjNiOWE3YjMxZDIzY2I="
  },
  {
    "note_id": "note-D700",
    "consent_version": "1.1",
    "proof_hash": "fb54eaa05ae941e3",
    "ledger_hash": "5a4649e5ebb515f572b406564e8b0652e80cc7e25467154c08b731e1ec57be8a",
    "timestamp": "2025-10-31T10:49:37.829Z",
    "qr_verification": "VkVSSUZZOjVhNDY0OWU1ZWJiNTE1ZjU3MmI0MDY1NjRlOGIwNjUyZTgwY2M3ZTI1NDY3MTU0YzA4YjczMWUxZWM1N2JlOGE="
  },
  {
    "note_id": "note-F800",
    "consent_version": "1.1",
    "proof_hash": "4b8db866e2830ff2",
    "ledger_hash": "38e73f1ac73d20f8d588e4a3105923bb43e58d528b50c8fe52f5e821920dbfb1",
    "timestamp": "2025-10-31T10:49:37.829Z",
    "qr_verification": "VkVSSUZZOjM4ZTczZjFhYzczZDIwZjhkNTg4ZTRhMzEwNTkyM2JiNDNlNThkNTI4YjUwYzhmZTUyZjVlODIxOTIwZGJmYjE="
  },
  {
    "note_id": "note-I200",
    "consent_version": "1.1",
    "proof_hash": "0c3c153127c80dad",
    "ledger_hash": "e3c5bd8ea882453710124d5ace9c80c54a61f7d3427b2f3ece5bba32cfb0fb89",
    "timestamp": "2025-10-31T10:49:37.829Z",
    "qr_verification": "VkVSSUZZOmUzYzViZDhlYTg4MjQ1MzcxMDEyNGQ1YWNlOWM4MGM1NGE2MWY3ZDM0MjdiMmYzZWNlNWJiYTMyY2ZiMGZiODk="
  },
  {
    "note_id": "note-P600",
    "consent_version": "1.1",
    "proof_hash": "3af10335e7b7b92f",
    "ledger_hash": "1c94caacf1b9e766691c01bdf075ec04937c2d017e024228a79abc7276846a97",
    "timestamp": "2025-10-31T10:49:37.829Z",
    "qr_verification": "VkVSSUZZOjFjOTRjYWFjZjFiOWU3NjY2OTFjMDFiZGYwNzVlYzA0OTM3YzJkMDE3ZTAyNDIyOGE3OWFiYzcyNzY4NDZhOTc="
  },
  {
    "note_id": "note-R900",
    "consent_version": "1.1",
    "proof_hash": "26041fd5a135657c",
    "ledger_hash": "59e8c3569895db9946dcba429e8bac773ce1aed5dec1b4b23ff22ff11529cfee",
    "timestamp": "2025-10-31T10:49:37.829Z",
    "qr_verification": "VkVSSUZZOjU5ZThjMzU2OTg5NWRiOTk0NmRjYmE0MjllOGJhYzc3M2NlMWFlZDVkZWMxYjRiMjNmZjIyZmYxMTUyOWNmZWU="
  },
  {
    "note_id": "note-V700",
    "consent_version": "1.1",
    "proof_hash": "91b3107ba5d5a9a1",
    "ledger_hash": "bcfcc55e8f6c0c1c766bb1d985daeba889d0dadc5fbc8629db49e3b5882083dd",
    "timestamp": "2025-10-31T10:49:37.829Z",
    "qr_verification": "VkVSSUZZOmJjZmNjNTVlOGY2YzBjMWM3NjZiYjFkOTg1ZGFlYmE4ODlkMGRhZGM1ZmJjODYyOWRiNDllM2I1ODgyMDgzZGQ="
  },
  {
    "note_id": "cbd9b970-773d-447a-b95e-b16aa51fa00a",
    "consent_version": "unknown",
    "proof_hash": "n/a",
    "ledger_hash": "6e877f28ede413a27c3ac0651d62e1e6fc61ee3337a929a914f4a0b4123673df",
    "timestamp": "2025-10-31T10:49:37.829Z",
    "qr_verification": "VkVSSUZZOjZlODc3ZjI4ZWRlNDEzYTI3YzNhYzA2NTFkNjJlMWU2ZmM2MWVlMzMzN2E5MjlhOTE0ZjRhMGI0MTIzNjczZGY="
  },
  {
    "note_id": "513a1eeb-5409-4867-9e96-7e7a6bf9b64c",
    "consent_version": "unknown",
    "proof_hash": "n/a",
    "ledger_hash": "511e96ba83196ef48db25cbfc4c307fcce6a725dc0c3b1463698eae14fc70edf",
    "timestamp": "2025-10-31T10:49:37.829Z",
    "qr_verification": "VkVSSUZZOjUxMWU5NmJhODMxOTZlZjQ4ZGIyNWNiZmM0YzMwN2ZjY2U2YTcyNWRjMGMzYjE0NjM2OThlYWUxNGZjNzBlZGY="
  },
  {
    "note_id": "65af221a-ad5c-4d1b-bf0a-6a169a773dbb",
    "consent_version": "unknown",
    "proof_hash": "n/a",
    "ledger_hash": "784625d5fd95cd62a52cb86c5c7681989c9f65bb1061618bafe5126ec7811f2a",
    "timestamp": "2025-10-31T10:49:37.829Z",
    "qr_verification": "VkVSSUZZOjc4NDYyNWQ1ZmQ5NWNkNjJhNTJjYjg2YzVjNzY4MTk4OWM5ZjY1YmIxMDYxNjE4YmFmZTUxMjZlYzc4MTFmMmE="
  },
  {
    "note_id": "a392797b-3c4c-4dc7-9d87-3d1ce1f64763",
    "consent_version": "unknown",
    "proof_hash": "n/a",
    "ledger_hash": "7a9493c289d62cb066efc61d40b76ccd91366ba846c6cf626a4d5fcb71919815",
    "timestamp": "2025-10-31T10:49:37.829Z",
    "qr_verification": "VkVSSUZZOjdhOTQ5M2MyODlkNjJjYjA2NmVmYzYxZDQwYjc2Y2NkOTEzNjZiYTg0NmM2Y2Y2MjZhNGQ1ZmNiNzE5MTk4MTU="
  },
  {
    "note_id": "b411e9c9-1e85-4933-be71-981a78fb2120",
    "consent_version": "unknown",
    "proof_hash": "n/a",
    "ledger_hash": "2c5d3fc69a3eed1bc33d543ee11e0a18056dcf00214aace0010b7bfabff19887",
    "timestamp": "2025-10-31T10:49:37.829Z",
    "qr_verification": "VkVSSUZZOjJjNWQzZmM2OWEzZWVkMWJjMzNkNTQzZWUxMWUwYTE4MDU2ZGNmMDAyMTRhYWNlMDAxMGI3YmZhYmZmMTk4ODc="
  },
  {
    "note_id": "b32bfdd6-2e0f-4019-b390-0e50e1e5d978",
    "consent_version": "unknown",
    "proof_hash": "n/a",
    "ledger_hash": "c3144ae3ec79997f91978cce4dc234ce0907ae03f8ae78714b1352782c3619e7",
    "timestamp": "2025-10-31T10:49:37.829Z",
    "qr_verification": "VkVSSUZZOmMzMTQ0YWUzZWM3OTk5N2Y5MTk3OGNjZTRkYzIzNGNlMDkwN2FlMDNmOGFlNzg3MTRiMTM1Mjc4MmMzNjE5ZTc="
  },
  {
    "note_id": "f5d70b86-1fd1-4749-8704-b6b07e248ac9",
    "consent_version": "unknown",
    "proof_hash": "n/a",
    "ledger_hash": "5ad8db7363d7a6072caee764e6f4da48f256588d519fed5864483b6336bc6b59",
    "timestamp": "2025-10-31T10:49:37.829Z",
    "qr_verification": "VkVSSUZZOjVhZDhkYjczNjNkN2E2MDcyY2FlZTc2NGU2ZjRkYTQ4ZjI1NjU4OGQ1MTlmZWQ1ODY0NDgzYjYzMzZiYzZiNTk="
  },
  {
    "note_id": "cea53152-ac39-4fbf-a7ea-5b1e1e9b47d5",
    "consent_version": "unknown",
    "proof_hash": "n/a",
    "ledger_hash": "b6bc228d6dd0895dca5ededfda24961d9df6a9fa3114cb8bf21f13ddb06a61be",
    "timestamp": "2025-10-31T10:49:37.829Z",
    "qr_verification": "VkVSSUZZOmI2YmMyMjhkNmRkMDg5NWRjYTVlZGVkZmRhMjQ5NjFkOWRmNmE5ZmEzMTE0Y2I4YmYyMWYxM2RkYjA2YTYxYmU="
  },
  {
    "note_id": "cd2ad610-a2bf-4568-a5e5-00a64b664c0b",
    "consent_version": "unknown",
    "proof_hash": "n/a",
    "ledger_hash": "d95a5c50792b4b213fbf833c92167ca3e7d9ec4f88608b56518256bdf815ba23",
    "timestamp": "2025-10-31T10:49:37.829Z",
    "qr_verification": "VkVSSUZZOmQ5NWE1YzUwNzkyYjRiMjEzZmJmODMzYzkyMTY3Y2EzZTdkOWVjNGY4ODYwOGI1NjUxODI1NmJkZjgxNWJhMjM="
  },
  {
    "note_id": "d23f4eb3-38d1-484d-bd76-a865855393be",
    "consent_version": "unknown",
    "proof_hash": "n/a",
    "ledger_hash": "c1a1a593859b53145d57e29405046d5d2d591eb2393e4a6f862d9bf69e03add1",
    "timestamp": "2025-10-31T10:49:37.829Z",
    "qr_verification": "VkVSSUZZOmMxYTFhNTkzODU5YjUzMTQ1ZDU3ZTI5NDA1MDQ2ZDVkMmQ1OTFlYjIzOTNlNGE2Zjg2MmQ5YmY2OWUwM2FkZDE="
  },
  {
    "note_id": "2823cbda-8604-4734-8c28-c52f8b755f05",
    "consent_version": "unknown",
    "proof_hash": "n/a",
    "ledger_hash": "add908d9538af6d66ddfbbeca1650c0e81a64e29944ac0ea65e931643c62151e",
    "timestamp": "2025-10-31T10:49:37.829Z",
    "qr_verification": "VkVSSUZZOmFkZDkwOGQ5NTM4YWY2ZDY2ZGRmYmJlY2ExNjUwYzBlODFhNjRlMjk5NDRhYzBlYTY1ZTkzMTY0M2M2MjE1MWU="
  },
  {
    "note_id": "de1773d9-bcb7-432d-bb2f-38bf30039a2b",
    "consent_version": "unknown",
    "proof_hash": "n/a",
    "ledger_hash": "bdae9aff7e4e68c036f59f802415889d93d8df1c3213699129f2b53da2ed3fa7",
    "timestamp": "2025-10-31T10:49:37.829Z",
    "qr_verification": "VkVSSUZZOmJkYWU5YWZmN2U0ZTY4YzAzNmY1OWY4MDI0MTU4ODlkOTNkOGRmMWMzMjEzNjk5MTI5ZjJiNTNkYTJlZDNmYTc="
  },
  {
    "note_id": "1dd250e9-33f6-426f-88f8-a43dee3b90bb",
    "consent_version": "unknown",
    "proof_hash": "n/a",
    "ledger_hash": "c32d07139a9c17a472631e37495c805abf882f028fc945c1e9cdb0bed1ab6452",
    "timestamp": "2025-10-31T10:49:37.829Z",
    "qr_verification": "VkVSSUZZOmMzMmQwNzEzOWE5YzE3YTQ3MjYzMWUzNzQ5NWM4MDVhYmY4ODJmMDI4ZmM5NDVjMWU5Y2RiMGJlZDFhYjY0NTI="
  },
  {
    "note_id": "bf5f49bf-87e6-4b89-820e-489a9d2398ec",
    "consent_version": "unknown",
    "proof_hash": "n/a",
    "ledger_hash": "41578a62b81ed2d23bcecca3f1d80059983b311bb12ae655138f696bf1ec11a2",
    "timestamp": "2025-10-31T10:49:37.829Z",
    "qr_verification": "VkVSSUZZOjQxNTc4YTYyYjgxZWQyZDIzYmNlY2NhM2YxZDgwMDU5OTgzYjMxMWJiMTJhZTY1NTEzOGY2OTZiZjFlYzExYTI="
  },
  {
    "note_id": "4e39c8af-4c87-4b01-baf8-0c92e6d029e7",
    "consent_version": "unknown",
    "proof_hash": "n/a",
    "ledger_hash": "c9055224cd5fde62b63ca59da18fafbe1acee3efbc94698c1697a4131fdd548d",
    "timestamp": "2025-10-31T10:49:37.829Z",
    "qr_verification": "VkVSSUZZOmM5MDU1MjI0Y2Q1ZmRlNjJiNjNjYTU5ZGExOGZhZmJlMWFjZWUzZWZiYzk0Njk4YzE2OTdhNDEzMWZkZDU0OGQ="
  },
  {
    "note_id": "0b89daab-c6af-42af-8cd0-2ad2060ccc11",
    "consent_version": "unknown",
    "proof_hash": "n/a",
    "ledger_hash": "2f4672b2b46363adf21c7de88852a789629956b50f328885b664e92fe3734732",
    "timestamp": "2025-10-31T10:49:37.829Z",
    "qr_verification": "VkVSSUZZOjJmNDY3MmIyYjQ2MzYzYWRmMjFjN2RlODg4NTJhNzg5NjI5OTU2YjUwZjMyODg4NWI2NjRlOTJmZTM3MzQ3MzI="
  },
  {
    "note_id": "89388183-e84b-4220-804a-9320311bcdc1",
    "consent_version": "unknown",
    "proof_hash": "n/a",
    "ledger_hash": "fd49a517b6d74508e908ea293fecaf091c6e47b0785deca118de0ccac38d9018",
    "timestamp": "2025-10-31T10:49:37.829Z",
    "qr_verification": "VkVSSUZZOmZkNDlhNTE3YjZkNzQ1MDhlOTA4ZWEyOTNmZWNhZjA5MWM2ZTQ3YjA3ODVkZWNhMTE4ZGUwY2NhYzM4ZDkwMTg="
  },
  {
    "note_id": "5c06543b-4eca-4f6d-b05a-434bbe60d7ac",
    "consent_version": "unknown",
    "proof_hash": "n/a",
    "ledger_hash": "cb3b149d120e7651285a4d98bcb0bf8aa75a952d0b46e43a97f3f465d9159ac3",
    "timestamp": "2025-10-31T10:49:37.829Z",
    "qr_verification": "VkVSSUZZOmNiM2IxNDlkMTIwZTc2NTEyODVhNGQ5OGJjYjBiZjhhYTc1YTk1MmQwYjQ2ZTQzYTk3ZjNmNDY1ZDkxNTlhYzM="
  },
  {
    "note_id": "d54b8caf-f947-48a8-b97c-786e52893e38",
    "consent_version": "unknown",
    "proof_hash": "n/a",
    "ledger_hash": "d1ae7f1691bc4de24eeecbb3dedd94b56e929a29f394f29d51dce78b6a227fe5",
    "timestamp": "2025-10-31T10:49:37.829Z",
    "qr_verification": "VkVSSUZZOmQxYWU3ZjE2OTFiYzRkZTI0ZWVlY2JiM2RlZGQ5NGI1NmU5MjlhMjlmMzk0ZjI5ZDUxZGNlNzhiNmEyMjdmZTU="
  },
  {
    "note_id": "661b52b9-8ada-4d02-b341-753bcf74d97a",
    "consent_version": "unknown",
    "proof_hash": "n/a",
    "ledger_hash": "1a6d28e42c1426e01dbc508d8e1120e3cfe6bcf8faf2a8cc50523efc36f77568",
    "timestamp": "2025-10-31T10:49:37.829Z",
    "qr_verification": "VkVSSUZZOjFhNmQyOGU0MmMxNDI2ZTAxZGJjNTA4ZDhlMTEyMGUzY2ZlNmJjZjhmYWYyYThjYzUwNTIzZWZjMzZmNzc1Njg="
  },
  {
    "note_id": "60c60499-068d-41da-8305-8721172868f9",
    "consent_version": "unknown",
    "proof_hash": "n/a",
    "ledger_hash": "0389c061296334ca8466694174d0b11b38f77604a873f0eb4830632ae2040f12",
    "timestamp": "2025-10-31T10:49:37.829Z",
    "qr_verification": "VkVSSUZZOjAzODljMDYxMjk2MzM0Y2E4NDY2Njk0MTc0ZDBiMTFiMzhmNzc2MDRhODczZjBlYjQ4MzA2MzJhZTIwNDBmMTI="
  },
  {
    "note_id": "5593be98-5886-4dab-bac3-b55fdd303ded",
    "consent_version": "unknown",
    "proof_hash": "n/a",
    "ledger_hash": "eb41f2bebe8c527c381e61d9e3938820d8ebffb03ae74de5122423084a4ce422",
    "timestamp": "2025-10-31T10:49:37.829Z",
    "qr_verification": "VkVSSUZZOmViNDFmMmJlYmU4YzUyN2MzODFlNjFkOWUzOTM4ODIwZDhlYmZmYjAzYWU3NGRlNTEyMjQyMzA4NGE0Y2U0MjI="
  },
  {
    "note_id": "38c961a4-96d5-45a0-9dda-415dc56a7e2f",
    "consent_version": "unknown",
    "proof_hash": "n/a",
    "ledger_hash": "1f01a50d5652b6f344f5df3cae9198611d5d6357cea15fe572ac88c6ddb196eb",
    "timestamp": "2025-10-31T10:49:37.829Z",
    "qr_verification": "VkVSSUZZOjFmMDFhNTBkNTY1MmI2ZjM0NGY1ZGYzY2FlOTE5ODYxMWQ1ZDYzNTdjZWExNWZlNTcyYWM4OGM2ZGRiMTk2ZWI="
  },
  {
    "note_id": "c1a1be6e-b76a-45cb-8c86-2511b1a8994a",
    "consent_version": "unknown",
    "proof_hash": "n/a",
    "ledger_hash": "e5c73a63c1437ee551a418cddf9f25a4c1a55110498e2dea8cc91d97e4386cff",
    "timestamp": "2025-10-31T10:49:37.829Z",
    "qr_verification": "VkVSSUZZOmU1YzczYTYzYzE0MzdlZTU1MWE0MThjZGRmOWYyNWE0YzFhNTUxMTA0OThlMmRlYThjYzkxZDk3ZTQzODZjZmY="
  },
  {
    "note_id": "87683fc4-3aa8-4a47-ad09-bdbfd3cf0c72",
    "consent_version": "unknown",
    "proof_hash": "n/a",
    "ledger_hash": "edcd80fa8efd95bd8da6b3408ab3bde30295dd137fd8ae5c8f08e3fe52023b72",
    "timestamp": "2025-10-31T10:49:37.829Z",
    "qr_verification": "VkVSSUZZOmVkY2Q4MGZhOGVmZDk1YmQ4ZGE2YjM0MDhhYjNiZGUzMDI5NWRkMTM3ZmQ4YWU1YzhmMDhlM2ZlNTIwMjNiNzI="
  },
  {
    "note_id": "d0e839b4-4200-469d-9d42-4bcbdf2380a6",
    "consent_version": "unknown",
    "proof_hash": "n/a",
    "ledger_hash": "8fcd2f4ea3fffe5a38ef290f8a3ad90ac946c98e127194cb101bce40a88061dd",
    "timestamp": "2025-10-31T10:49:37.829Z",
    "qr_verification": "VkVSSUZZOjhmY2QyZjRlYTNmZmZlNWEzOGVmMjkwZjhhM2FkOTBhYzk0NmM5OGUxMjcxOTRjYjEwMWJjZTQwYTg4MDYxZGQ="
  },
  {
    "note_id": "01f406db-a4a8-482c-85d3-2dbf9b2b8fc3",
    "consent_version": "unknown",
    "proof_hash": "n/a",
    "ledger_hash": "61e85d0278413978391f0340ca966f6ec3b3e17f4395169dc15690fecbea3547",
    "timestamp": "2025-10-31T10:49:37.829Z",
    "qr_verification": "VkVSSUZZOjYxZTg1ZDAyNzg0MTM5NzgzOTFmMDM0MGNhOTY2ZjZlYzNiM2UxN2Y0Mzk1MTY5ZGMxNTY5MGZlY2JlYTM1NDc="
  },
  {
    "note_id": "b704a0aa-2eda-47c5-a20c-8f1155edd686",
    "consent_version": "unknown",
    "proof_hash": "n/a",
    "ledger_hash": "ed3a4f6c8699310e6affdfdd9e04e622337bcfdb2d26e11adf6bba16642c1aa7",
    "timestamp": "2025-10-31T10:49:37.829Z",
    "qr_verification": "VkVSSUZZOmVkM2E0ZjZjODY5OTMxMGU2YWZmZGZkZDllMDRlNjIyMzM3YmNmZGIyZDI2ZTExYWRmNmJiYTE2NjQyYzFhYTc="
  },
  {
    "note_id": "c49a97a9-5252-45e5-8aee-8caf12c73306",
    "consent_version": "unknown",
    "proof_hash": "n/a",
    "ledger_hash": "f7dc18e0acead0588a1aea1ad89ed4940560224ab97de24d255aab5ad0b58412",
    "timestamp": "2025-10-31T10:49:37.829Z",
    "qr_verification": "VkVSSUZZOmY3ZGMxOGUwYWNlYWQwNTg4YTFhZWExYWQ4OWVkNDk0MDU2MDIyNGFiOTdkZTI0ZDI1NWFhYjVhZDBiNTg0MTI="
  },
  {
    "note_id": "cb041bd7-4979-4a0c-982f-877e7ac66421",
    "consent_version": "unknown",
    "proof_hash": "n/a",
    "ledger_hash": "e0a70eb9327c1c084ee31f9d70a2b124f321a5cf69e9d7467669d1e69ca65e43",
    "timestamp": "2025-10-31T10:49:37.829Z",
    "qr_verification": "VkVSSUZZOmUwYTcwZWI5MzI3YzFjMDg0ZWUzMWY5ZDcwYTJiMTI0ZjMyMWE1Y2Y2OWU5ZDc0Njc2NjlkMWU2OWNhNjVlNDM="
  },
  {
    "note_id": "626bfaf5-f359-47df-9283-6e04260713bb",
    "consent_version": "unknown",
    "proof_hash": "n/a",
    "ledger_hash": "09078109ec9f1c5c46bd5c7d32e366ac0ca7e3babeae43846b24b36cf3d73a87",
    "timestamp": "2025-10-31T10:49:37.829Z",
    "qr_verification": "VkVSSUZZOjA5MDc4MTA5ZWM5ZjFjNWM0NmJkNWM3ZDMyZTM2NmFjMGNhN2UzYmFiZWFlNDM4NDZiMjRiMzZjZjNkNzNhODc="
  },
  {
    "note_id": "b80bec4a-a1fa-44fe-9550-bdce9bda614b",
    "consent_version": "unknown",
    "proof_hash": "n/a",
    "ledger_hash": "f4b0092d508fc6605773c1b7070ffc067e2af3e72118f39fa2a2f2bd65566151",
    "timestamp": "2025-10-31T10:49:37.829Z",
    "qr_verification": "VkVSSUZZOmY0YjAwOTJkNTA4ZmM2NjA1NzczYzFiNzA3MGZmYzA2N2UyYWYzZTcyMTE4ZjM5ZmEyYTJmMmJkNjU1NjYxNTE="
  },
  {
    "note_id": "9fd4eabb-42ba-4008-bc0b-681be08ae392",
    "consent_version": "unknown",
    "proof_hash": "n/a",
    "ledger_hash": "fa38dc145f78e4d688fe2c2d5e779a9671c2514f482ff71c839a6b7432a55648",
    "timestamp": "2025-10-31T10:49:37.829Z",
    "qr_verification": "VkVSSUZZOmZhMzhkYzE0NWY3OGU0ZDY4OGZlMmMyZDVlNzc5YTk2NzFjMjUxNGY0ODJmZjcxYzgzOWE2Yjc0MzJhNTU2NDg="
  }
]