[
  {
    "file": "audit_note-R900.json",
    "hash": "5b1d6c34d2455e3ee59ee72332d0fe0f4b0055767d7025fccd0814c269586695"
  },
  {
    "file": "compliance_report_note-R900.json",
    "hash": "532aa4b9bfe63befbe883bcbdbb090cbace144f1abe83fec25393a6034060f27"
  },
  {
    "file": "compliance_report_note-R900.md",
    "hash": "2314a384c5e3bd17b18363ccc1137080cbbd0c97708f7949aa5eee366ebd0801"
  },
  {
    "file": "compliance_report_note-R900_audit_signed.pdf",
    "hash": "2c8c3d3fae614a4c20030094db7440328ce440f27c03aecde1c46213baba268d"
  },
  {
    "file": "proof_bundle_note-R900.zip",
    "hash": "6e1daf0a1d0ec8dee7faa274c32536b198e17f06906fcc86a7ad84706a172738"
  },
  {
    "file": "proof_note-R900.json",
    "hash": "7ec3f2586aa00def0a1dc5a95d6744914b88381dfa6e82787461ae6c0a39626d"
  },
  {
    "file": "proof_note-R900.pdf",
    "hash": "107c1d7a359c187b54a2be8a4ad8775f347f584390139fd857a0c03ca78d5398"
  }
]